GEO_(Codes),Años,Total_(sin_informativos),Total_(con_informativos),Energía,Energía_(con_informativos),Combustión_en_las_industrias_energéticas,Combustión_por_sector,Combustión_en_manufactura_y_construcción,Combustión_en_el_transporte,Combustión_en_la_aviación_nacional,Combustión_en_el_transporte_por_carretera,Combustión_en_automóviles,Combustión_en_camiones_ligeros,Combustión_en_camiones_pesados_​​y_autobuses,Combustión_en_motocicletas,Combustión_en_otros_transportes_por_carretera,Combustión_en_ferrocarriles,Combustión_en_la_navegación_interior,Combustión_en_otros_transportes,Otros_sectores_de_combustión,Otros_sectores_de_combustión_n.c.p.,Combustibles__emisiones_fugitivas,Ítems_informativos,Procesos_y_productos_industriales,Agricultura,Uso_del_suelo_y_silvicultura_(UTCUTS),Gestión_de_residuos,CO2_indirecto
EU27_2020,1990,4649.77,5016.83,3741.2,4108.26,1442.25,3572.19,721.41,672.18,11.35,620.12,389.17,59.33,162.72,8.5,0.4,12.85,21.73,6.14,713.92,22.43,169.01,367.06,450.55,483.17,-217.47,184.58,7.74
EU27_2020,1991,4444.61,4821.92,3691.91,4069.22,1409.72,3536.14,678.28,680.85,11.34,629.31,394.76,60.71,164.95,8.62,0.27,11.4,22.49,6.32,748.54,18.75,155.78,377.31,419.17,455.1,-316.93,187.79,7.57
EU27_2020,1992,4320.71,4701.34,3572.83,3953.46,1363.22,3421.81,639.58,702.85,11.6,651.59,407.63,62.2,172.25,8.96,0.55,11.24,22.3,6.13,701.09,15.07,151.01,380.63,406.06,434.38,-289.47,189.55,7.37
EU27_2020,1993,4226.73,4629.92,3514.51,3917.7,1311.75,3364.36,619.34,706.23,11.42,657.46,411.07,64.87,171.95,9.4,0.17,10.69,21.17,5.49,714.65,12.39,150.14,403.19,396.0,422.92,-303.32,189.37,7.24
EU27_2020,1994,4214.0,4619.58,3475.62,3881.2,1318.36,3329.63,617.41,711.67,11.79,663.29,413.63,66.93,173.01,9.54,0.17,10.22,21.34,5.03,670.79,11.4,145.97,405.58,419.55,417.6,-294.02,188.16,7.1
EU27_2020,1995,4241.09,4655.12,3515.88,3929.91,1319.04,3370.62,638.26,724.55,12.74,675.56,421.76,68.5,175.17,9.91,0.21,9.89,20.47,5.91,678.35,10.42,145.26,414.03,430.77,417.49,-317.48,187.52,6.91
EU27_2020,1996,4304.23,4743.96,3607.83,4047.56,1347.69,3466.55,629.65,746.59,13.72,695.55,432.36,72.11,181.02,9.91,0.15,9.32,21.45,6.55,733.24,9.38,141.28,439.73,430.09,418.66,-345.28,186.13,6.8
EU27_2020,1997,4240.42,4704.17,3537.0,4000.75,1312.91,3391.01,620.52,756.32,14.6,705.69,436.78,74.34,184.18,10.2,0.19,9.03,21.0,6.0,691.36,9.9,145.99,463.75,434.88,416.54,-337.88,183.19,6.69
EU27_2020,1998,4190.64,4667.06,3520.96,3997.38,1316.03,3382.77,595.84,785.47,15.35,733.47,451.36,78.48,192.69,10.79,0.14,8.56,21.95,6.14,675.18,10.25,138.18,476.42,417.96,414.34,-348.81,179.6,6.59
EU27_2020,1999,4102.52,4586.34,3470.44,3954.26,1278.74,3334.08,580.72,802.21,16.16,750.39,461.51,81.57,195.93,11.26,0.12,7.93,21.34,6.39,663.22,9.19,136.35,483.82,399.26,411.9,-361.54,176.13,6.33
EU27_2020,2000,4141.95,4638.76,3449.01,3945.82,1304.81,3329.16,578.98,798.03,16.85,747.11,457.52,81.73,196.87,10.84,0.15,8.14,19.02,6.91,638.76,8.58,119.85,496.81,414.79,407.92,-310.77,174.78,6.23
EU27_2020,2001,4142.91,4653.8,3514.45,4025.34,1329.77,3398.26,567.44,812.15,16.37,762.36,464.75,86.12,199.95,11.23,0.31,7.18,19.49,6.75,680.8,8.1,116.2,510.89,402.45,406.22,-358.45,172.24,6.02
EU27_2020,2002,4159.78,4673.35,3510.77,4024.34,1352.48,3395.34,557.13,820.96,16.06,771.78,473.73,86.52,199.88,11.42,0.23,7.18,19.2,6.74,656.32,8.45,115.42,513.57,403.02,398.95,-327.68,168.85,5.88
EU27_2020,2003,4246.65,4792.36,3583.36,4129.07,1402.68,3467.86,563.49,827.82,15.98,778.11,478.24,89.18,198.74,11.77,0.19,7.09,19.99,6.65,664.62,9.25,115.5,545.71,413.6,393.77,-316.07,166.27,5.73
EU27_2020,2004,4208.29,4781.72,3572.79,4146.22,1395.72,3465.5,555.85,841.05,16.48,789.57,480.5,91.79,205.32,11.77,0.18,6.98,20.27,7.75,662.5,10.38,107.29,573.43,430.19,391.39,-352.55,160.81,5.65
EU27_2020,2005,4195.96,4802.48,3566.25,4172.77,1384.78,3459.99,551.12,843.23,16.47,792.0,478.9,92.6,209.39,10.92,0.18,6.32,20.2,8.24,670.01,10.85,106.26,606.52,429.93,386.82,-348.22,155.55,5.64
EU27_2020,2006,4194.67,4838.31,3572.31,4215.95,1392.58,3468.69,539.51,860.05,16.47,808.54,484.66,95.01,217.89,10.82,0.16,6.15,20.67,8.22,666.8,9.75,103.62,643.64,433.5,384.54,-353.39,151.96,5.76
EU27_2020,2007,4194.21,4878.29,3511.91,4195.99,1403.61,3413.11,549.17,863.48,16.91,813.16,487.23,97.24,217.83,10.69,0.16,6.38,19.47,7.56,587.2,9.65,98.79,684.08,445.32,387.54,-303.92,147.81,5.54
EU27_2020,2008,4057.8,4773.81,3455.77,4171.78,1337.0,3358.57,530.63,849.57,16.55,799.61,482.48,93.06,212.69,11.2,0.19,6.13,19.16,8.11,632.07,9.3,97.21,716.01,420.55,385.23,-352.32,143.24,5.32
EU27_2020,2009,3742.77,4447.18,3218.59,3923.0,1237.65,3128.72,439.15,823.11,15.68,776.1,479.71,87.38,197.95,10.86,0.2,5.44,18.86,7.03,620.76,8.05,89.89,704.41,347.91,379.86,-349.3,140.81,4.89
EU27_2020,2010,3820.5,4572.45,3290.27,4042.22,1255.36,3200.92,470.93,814.96,15.67,767.88,468.42,87.71,201.02,10.59,0.14,5.43,19.16,6.82,651.83,7.84,89.34,751.95,364.53,374.79,-351.27,137.35,4.81
EU27_2020,2011,3718.55,4455.17,3187.73,3924.35,1244.75,3099.05,460.68,805.64,15.65,760.69,462.18,87.59,200.41,10.37,0.14,5.46,17.22,6.62,579.84,8.14,88.67,736.62,364.19,373.86,-344.93,132.96,4.73
EU27_2020,2012,3652.46,4416.88,3134.77,3899.19,1229.2,3046.94,443.97,775.84,14.5,733.53,443.17,84.51,195.6,10.13,0.13,5.28,16.49,6.04,590.88,7.05,87.83,764.42,348.87,373.66,-339.39,130.12,4.44
EU27_2020,2013,3553.81,4319.83,3050.99,3817.01,1166.58,2964.39,426.51,769.86,13.29,729.92,447.05,81.09,191.83,9.83,0.11,4.95,15.08,6.6,594.4,7.04,86.59,766.02,345.4,375.97,-347.55,124.82,4.2
EU27_2020,2014,3427.83,4173.68,2902.33,3648.18,1106.17,2818.66,411.74,773.07,13.08,735.63,450.86,81.32,193.34,10.02,0.09,4.54,14.28,5.54,520.85,6.83,83.67,745.85,351.99,380.48,-331.74,120.6,4.16
EU27_2020,2015,3486.02,4249.14,2962.25,3725.37,1113.71,2879.16,420.82,793.17,13.15,755.02,467.99,84.73,192.19,10.02,0.09,4.54,14.91,5.55,544.58,6.88,83.09,763.12,342.57,382.75,-324.54,118.92,4.06
EU27_2020,2016,3486.37,4268.09,2955.01,3736.73,1088.86,2875.24,424.82,809.66,13.63,770.35,479.78,84.19,196.51,9.77,0.1,4.36,15.78,5.53,545.73,6.17,79.77,781.72,344.83,384.91,-318.93,116.6,3.96
EU27_2020,2017,3579.01,4380.94,2970.43,3772.36,1084.77,2891.24,432.41,822.5,14.01,781.25,483.13,85.12,203.37,9.52,0.11,4.32,16.84,6.07,545.43,6.13,79.19,801.93,351.27,386.11,-248.33,115.51,4.02
EU27_2020,2018,3492.44,4320.08,2902.32,3729.96,1024.38,2826.78,431.41,829.92,14.61,787.37,479.02,87.39,211.4,9.45,0.11,4.13,17.6,6.22,535.36,5.71,75.54,827.64,344.21,383.67,-256.08,114.46,3.86
EU27_2020,2019,3343.42,4180.13,2758.08,3594.79,905.16,2689.2,419.18,833.08,14.87,789.96,481.46,87.14,211.48,9.78,0.1,4.09,18.21,5.95,525.82,5.96,68.88,836.71,331.03,378.41,-240.98,113.1,3.78
EU27_2020,2020,3052.04,3793.72,2489.95,3231.63,778.46,2426.22,399.32,721.01,7.87,687.94,403.21,79.01,197.1,8.51,0.12,3.65,16.71,4.84,521.46,5.97,63.73,741.68,307.23,379.87,-240.78,112.02,3.75
EU27_2020,2021,3220.18,4021.72,2652.37,3453.91,841.16,2590.99,430.42,778.72,9.79,744.22,435.01,88.73,211.36,8.99,0.12,3.8,16.14,4.77,533.97,6.72,61.38,801.54,318.0,376.0,-240.89,110.84,3.86
EU27_2020,2022,3138.34,3965.13,2603.85,3430.64,866.7,2544.45,392.59,803.28,13.11,763.73,451.49,92.24,210.46,9.42,0.12,3.48,17.91,5.06,474.84,7.04,59.4,826.79,291.84,365.72,-236.4,109.71,3.63
